timestamp,dia,mes,año,hora,minuto,turno
46023,1,1,2026,0,0,Noche
46023.00694,1,1,2026,0,10,Noche
46023.01389,1,1,2026,0,20,Noche
46023.02083,1,1,2026,0,30,Noche
46023.02778,1,1,2026,0,40,Noche
46023.03472,1,1,2026,0,50,Noche
46023.04167,1,1,2026,1,0,Noche
46023.04861,1,1,2026,1,10,Noche
46023.05556,1,1,2026,1,20,Noche
46023.0625,1,1,2026,1,30,Noche
46023.06944,1,1,2026,1,40,Noche
46023.07639,1,1,2026,1,50,Noche
46023.08333,1,1,2026,2,0,Noche
46023.09028,1,1,2026,2,10,Noche
46023.09722,1,1,2026,2,20,Noche
46023.10417,1,1,2026,2,30,Noche
46023.11111,1,1,2026,2,40,Noche
46023.11806,1,1,2026,2,50,Noche
46023.125,1,1,2026,3,0,Noche
46023.13194,1,1,2026,3,10,Noche
46023.13889,1,1,2026,3,20,Noche
46023.14583,1,1,2026,3,30,Noche
46023.15278,1,1,2026,3,40,Noche
46023.15972,1,1,2026,3,50,Noche
46023.16667,1,1,2026,4,0,Noche
46023.17361,1,1,2026,4,10,Noche
46023.18056,1,1,2026,4,20,Noche
46023.1875,1,1,2026,4,30,Noche
46023.19444,1,1,2026,4,40,Noche
46023.20139,1,1,2026,4,50,Noche
46023.20833,1,1,2026,5,0,Noche
46023.21528,1,1,2026,5,10,Noche
46023.22222,1,1,2026,5,20,Noche
46023.22917,1,1,2026,5,30,Noche
46023.23611,1,1,2026,5,40,Noche
46023.24306,1,1,2026,5,50,Noche
46023.25,1,1,2026,6,0,Mañana
46023.25694,1,1,2026,6,10,Mañana
46023.26389,1,1,2026,6,20,Mañana
46023.27083,1,1,2026,6,30,Mañana
46023.27778,1,1,2026,6,40,Mañana
46023.28472,1,1,2026,6,50,Mañana
46023.29167,1,1,2026,7,0,Mañana
46023.29861,1,1,2026,7,10,Mañana
46023.30556,1,1,2026,7,20,Mañana
46023.3125,1,1,2026,7,30,Mañana
46023.31944,1,1,2026,7,40,Mañana
46023.32639,1,1,2026,7,50,Mañana
46023.33333,1,1,2026,8,0,Mañana
46023.34028,1,1,2026,8,10,Mañana
46023.34722,1,1,2026,8,20,Mañana
46023.35417,1,1,2026,8,30,Mañana
46023.36111,1,1,2026,8,40,Mañana
46023.36806,1,1,2026,8,50,Mañana
46023.375,1,1,2026,9,0,Mañana
46023.38194,1,1,2026,9,10,Mañana
46023.38889,1,1,2026,9,20,Mañana
46023.39583,1,1,2026,9,30,Mañana
46023.40278,1,1,2026,9,40,Mañana
46023.40972,1,1,2026,9,50,Mañana
46023.41667,1,1,2026,10,0,Mañana
46023.42361,1,1,2026,10,10,Mañana
46023.43056,1,1,2026,10,20,Mañana
46023.4375,1,1,2026,10,30,Mañana
46023.44444,1,1,2026,10,40,Mañana
46023.45139,1,1,2026,10,50,Mañana
46023.45833,1,1,2026,11,0,Mañana
46023.46528,1,1,2026,11,10,Mañana
46023.47222,1,1,2026,11,20,Mañana
46023.47917,1,1,2026,11,30,Mañana
46023.48611,1,1,2026,11,40,Mañana
46023.49306,1,1,2026,11,50,Mañana
46023.5,1,1,2026,12,0,Mañana
46023.50694,1,1,2026,12,10,Mañana
46023.51389,1,1,2026,12,20,Mañana
46023.52083,1,1,2026,12,30,Mañana
46023.52778,1,1,2026,12,40,Mañana
46023.53472,1,1,2026,12,50,Mañana
46023.54167,1,1,2026,13,0,Mañana
46023.54861,1,1,2026,13,10,Mañana
46023.55556,1,1,2026,13,20,Mañana
46023.5625,1,1,2026,13,30,Mañana
46023.56944,1,1,2026,13,40,Mañana
46023.57639,1,1,2026,13,50,Mañana
46023.58333,1,1,2026,14,0,Tarde
46023.59028,1,1,2026,14,10,Tarde
46023.59722,1,1,2026,14,20,Tarde
46023.60417,1,1,2026,14,30,Tarde
46023.61111,1,1,2026,14,40,Tarde
46023.61806,1,1,2026,14,50,Tarde
46023.625,1,1,2026,15,0,Tarde
46023.63194,1,1,2026,15,10,Tarde
46023.63889,1,1,2026,15,20,Tarde
46023.64583,1,1,2026,15,30,Tarde
46023.65278,1,1,2026,15,40,Tarde
46023.65972,1,1,2026,15,50,Tarde
46023.66667,1,1,2026,16,0,Tarde
46023.67361,1,1,2026,16,10,Tarde
46023.68056,1,1,2026,16,20,Tarde
46023.6875,1,1,2026,16,30,Tarde
46023.69444,1,1,2026,16,40,Tarde
46023.70139,1,1,2026,16,50,Tarde
46023.70833,1,1,2026,17,0,Tarde
46023.71528,1,1,2026,17,10,Tarde
46023.72222,1,1,2026,17,20,Tarde
46023.72917,1,1,2026,17,30,Tarde
46023.73611,1,1,2026,17,40,Tarde
46023.74306,1,1,2026,17,50,Tarde
46023.75,1,1,2026,18,0,Tarde
46023.75694,1,1,2026,18,10,Tarde
46023.76389,1,1,2026,18,20,Tarde
46023.77083,1,1,2026,18,30,Tarde
46023.77778,1,1,2026,18,40,Tarde
46023.78472,1,1,2026,18,50,Tarde
46023.79167,1,1,2026,19,0,Tarde
46023.79861,1,1,2026,19,10,Tarde
46023.80556,1,1,2026,19,20,Tarde
46023.8125,1,1,2026,19,30,Tarde
46023.81944,1,1,2026,19,40,Tarde
46023.82639,1,1,2026,19,50,Tarde
46023.83333,1,1,2026,20,0,Tarde
46023.84028,1,1,2026,20,10,Tarde
46023.84722,1,1,2026,20,20,Tarde
46023.85417,1,1,2026,20,30,Tarde
46023.86111,1,1,2026,20,40,Tarde
46023.86806,1,1,2026,20,50,Tarde
46023.875,1,1,2026,21,0,Tarde
46023.88194,1,1,2026,21,10,Tarde
46023.88889,1,1,2026,21,20,Tarde
46023.89583,1,1,2026,21,30,Tarde
46023.90278,1,1,2026,21,40,Tarde
46023.90972,1,1,2026,21,50,Tarde
46023.91667,1,1,2026,22,0,Noche
46023.92361,1,1,2026,22,10,Noche
46023.93056,1,1,2026,22,20,Noche
46023.9375,1,1,2026,22,30,Noche
46023.94444,1,1,2026,22,40,Noche
46023.95139,1,1,2026,22,50,Noche
46023.95833,1,1,2026,23,0,Noche
46023.96528,1,1,2026,23,10,Noche
46023.97222,1,1,2026,23,20,Noche
46023.97917,1,1,2026,23,30,Noche
46023.98611,1,1,2026,23,40,Noche
46023.99306,1,1,2026,23,50,Noche
46024,2,1,2026,0,0,Noche
46024.00694,2,1,2026,0,10,Noche
46024.01389,2,1,2026,0,20,Noche
46024.02083,2,1,2026,0,30,Noche
46024.02778,2,1,2026,0,40,Noche
46024.03472,2,1,2026,0,50,Noche
46024.04167,2,1,2026,1,0,Noche
46024.04861,2,1,2026,1,10,Noche
46024.05556,2,1,2026,1,20,Noche
46024.0625,2,1,2026,1,30,Noche
46024.06944,2,1,2026,1,40,Noche
46024.07639,2,1,2026,1,50,Noche
46024.08333,2,1,2026,2,0,Noche
46024.09028,2,1,2026,2,10,Noche
46024.09722,2,1,2026,2,20,Noche
46024.10417,2,1,2026,2,30,Noche
46024.11111,2,1,2026,2,40,Noche
46024.11806,2,1,2026,2,50,Noche
46024.125,2,1,2026,3,0,Noche
46024.13194,2,1,2026,3,10,Noche
46024.13889,2,1,2026,3,20,Noche
46024.14583,2,1,2026,3,30,Noche
46024.15278,2,1,2026,3,40,Noche
46024.15972,2,1,2026,3,50,Noche
46024.16667,2,1,2026,4,0,Noche
46024.17361,2,1,2026,4,10,Noche
46024.18056,2,1,2026,4,20,Noche
46024.1875,2,1,2026,4,30,Noche
46024.19444,2,1,2026,4,40,Noche
46024.20139,2,1,2026,4,50,Noche
46024.20833,2,1,2026,5,0,Noche
46024.21528,2,1,2026,5,10,Noche
46024.22222,2,1,2026,5,20,Noche
46024.22917,2,1,2026,5,30,Noche
46024.23611,2,1,2026,5,40,Noche
46024.24306,2,1,2026,5,50,Noche
46024.25,2,1,2026,6,0,Mañana
46024.25694,2,1,2026,6,10,Mañana
46024.26389,2,1,2026,6,20,Mañana
46024.27083,2,1,2026,6,30,Mañana
46024.27778,2,1,2026,6,40,Mañana
46024.28472,2,1,2026,6,50,Mañana
46024.29167,2,1,2026,7,0,Mañana
46024.29861,2,1,2026,7,10,Mañana
46024.30556,2,1,2026,7,20,Mañana
46024.3125,2,1,2026,7,30,Mañana
46024.31944,2,1,2026,7,40,Mañana
46024.32639,2,1,2026,7,50,Mañana
46024.33333,2,1,2026,8,0,Mañana
46024.34028,2,1,2026,8,10,Mañana
46024.34722,2,1,2026,8,20,Mañana
46024.35417,2,1,2026,8,30,Mañana
46024.36111,2,1,2026,8,40,Mañana
46024.36806,2,1,2026,8,50,Mañana
46024.375,2,1,2026,9,0,Mañana
46024.38194,2,1,2026,9,10,Mañana
46024.38889,2,1,2026,9,20,Mañana
46024.39583,2,1,2026,9,30,Mañana
46024.40278,2,1,2026,9,40,Mañana
46024.40972,2,1,2026,9,50,Mañana
46024.41667,2,1,2026,10,0,Mañana
46024.42361,2,1,2026,10,10,Mañana
46024.43056,2,1,2026,10,20,Mañana
46024.4375,2,1,2026,10,30,Mañana
46024.44444,2,1,2026,10,40,Mañana
46024.45139,2,1,2026,10,50,Mañana
46024.45833,2,1,2026,11,0,Mañana
46024.46528,2,1,2026,11,10,Mañana
46024.47222,2,1,2026,11,20,Mañana
46024.47917,2,1,2026,11,30,Mañana
46024.48611,2,1,2026,11,40,Mañana
46024.49306,2,1,2026,11,50,Mañana
46024.5,2,1,2026,12,0,Mañana
46024.50694,2,1,2026,12,10,Mañana
46024.51389,2,1,2026,12,20,Mañana
46024.52083,2,1,2026,12,30,Mañana
46024.52778,2,1,2026,12,40,Mañana
46024.53472,2,1,2026,12,50,Mañana
46024.54167,2,1,2026,13,0,Mañana
46024.54861,2,1,2026,13,10,Mañana
46024.55556,2,1,2026,13,20,Mañana
46024.5625,2,1,2026,13,30,Mañana
46024.56944,2,1,2026,13,40,Mañana
46024.57639,2,1,2026,13,50,Mañana
46024.58333,2,1,2026,14,0,Tarde
46024.59028,2,1,2026,14,10,Tarde
46024.59722,2,1,2026,14,20,Tarde
46024.60417,2,1,2026,14,30,Tarde
46024.61111,2,1,2026,14,40,Tarde
46024.61806,2,1,2026,14,50,Tarde
46024.625,2,1,2026,15,0,Tarde
46024.63194,2,1,2026,15,10,Tarde
46024.63889,2,1,2026,15,20,Tarde
46024.64583,2,1,2026,15,30,Tarde
46024.65278,2,1,2026,15,40,Tarde
46024.65972,2,1,2026,15,50,Tarde
46024.66667,2,1,2026,16,0,Tarde
46024.67361,2,1,2026,16,10,Tarde
46024.68056,2,1,2026,16,20,Tarde
46024.6875,2,1,2026,16,30,Tarde
46024.69444,2,1,2026,16,40,Tarde
46024.70139,2,1,2026,16,50,Tarde
46024.70833,2,1,2026,17,0,Tarde
46024.71528,2,1,2026,17,10,Tarde
46024.72222,2,1,2026,17,20,Tarde
46024.72917,2,1,2026,17,30,Tarde
46024.73611,2,1,2026,17,40,Tarde
46024.74306,2,1,2026,17,50,Tarde
46024.75,2,1,2026,18,0,Tarde
46024.75694,2,1,2026,18,10,Tarde
46024.76389,2,1,2026,18,20,Tarde
46024.77083,2,1,2026,18,30,Tarde
46024.77778,2,1,2026,18,40,Tarde
46024.78472,2,1,2026,18,50,Tarde
46024.79167,2,1,2026,19,0,Tarde
46024.79861,2,1,2026,19,10,Tarde
46024.80556,2,1,2026,19,20,Tarde
46024.8125,2,1,2026,19,30,Tarde
46024.81944,2,1,2026,19,40,Tarde
46024.82639,2,1,2026,19,50,Tarde
46024.83333,2,1,2026,20,0,Tarde
46024.84028,2,1,2026,20,10,Tarde
46024.84722,2,1,2026,20,20,Tarde
46024.85417,2,1,2026,20,30,Tarde
46024.86111,2,1,2026,20,40,Tarde
46024.86806,2,1,2026,20,50,Tarde
46024.875,2,1,2026,21,0,Tarde
46024.88194,2,1,2026,21,10,Tarde
46024.88889,2,1,2026,21,20,Tarde
46024.89583,2,1,2026,21,30,Tarde
46024.90278,2,1,2026,21,40,Tarde
46024.90972,2,1,2026,21,50,Tarde
46024.91667,2,1,2026,22,0,Noche
46024.92361,2,1,2026,22,10,Noche
46024.93056,2,1,2026,22,20,Noche
46024.9375,2,1,2026,22,30,Noche
46024.94444,2,1,2026,22,40,Noche
46024.95139,2,1,2026,22,50,Noche
46024.95833,2,1,2026,23,0,Noche
46024.96528,2,1,2026,23,10,Noche
46024.97222,2,1,2026,23,20,Noche
46024.97917,2,1,2026,23,30,Noche
46024.98611,2,1,2026,23,40,Noche
46024.99306,2,1,2026,23,50,Noche
46025,3,1,2026,0,0,Noche
46025.00694,3,1,2026,0,10,Noche
46025.01389,3,1,2026,0,20,Noche
46025.02083,3,1,2026,0,30,Noche
46025.02778,3,1,2026,0,40,Noche
46025.03472,3,1,2026,0,50,Noche
46025.04167,3,1,2026,1,0,Noche
46025.04861,3,1,2026,1,10,Noche
46025.05556,3,1,2026,1,20,Noche
46025.0625,3,1,2026,1,30,Noche
46025.06944,3,1,2026,1,40,Noche
46025.07639,3,1,2026,1,50,Noche
46025.08333,3,1,2026,2,0,Noche
46025.09028,3,1,2026,2,10,Noche
46025.09722,3,1,2026,2,20,Noche
46025.10417,3,1,2026,2,30,Noche
46025.11111,3,1,2026,2,40,Noche
46025.11806,3,1,2026,2,50,Noche
46025.125,3,1,2026,3,0,Noche
46025.13194,3,1,2026,3,10,Noche
46025.13889,3,1,2026,3,20,Noche
46025.14583,3,1,2026,3,30,Noche
46025.15278,3,1,2026,3,40,Noche
46025.15972,3,1,2026,3,50,Noche
46025.16667,3,1,2026,4,0,Noche
46025.17361,3,1,2026,4,10,Noche
46025.18056,3,1,2026,4,20,Noche
46025.1875,3,1,2026,4,30,Noche
46025.19444,3,1,2026,4,40,Noche
46025.20139,3,1,2026,4,50,Noche
46025.20833,3,1,2026,5,0,Noche
46025.21528,3,1,2026,5,10,Noche
46025.22222,3,1,2026,5,20,Noche
46025.22917,3,1,2026,5,30,Noche
46025.23611,3,1,2026,5,40,Noche
46025.24306,3,1,2026,5,50,Noche
46025.25,3,1,2026,6,0,Mañana
46025.25694,3,1,2026,6,10,Mañana
46025.26389,3,1,2026,6,20,Mañana
46025.27083,3,1,2026,6,30,Mañana
46025.27778,3,1,2026,6,40,Mañana
46025.28472,3,1,2026,6,50,Mañana
46025.29167,3,1,2026,7,0,Mañana
46025.29861,3,1,2026,7,10,Mañana
46025.30556,3,1,2026,7,20,Mañana
46025.3125,3,1,2026,7,30,Mañana
46025.31944,3,1,2026,7,40,Mañana
46025.32639,3,1,2026,7,50,Mañana
46025.33333,3,1,2026,8,0,Mañana
46025.34028,3,1,2026,8,10,Mañana
46025.34722,3,1,2026,8,20,Mañana
46025.35417,3,1,2026,8,30,Mañana
46025.36111,3,1,2026,8,40,Mañana
46025.36806,3,1,2026,8,50,Mañana
46025.375,3,1,2026,9,0,Mañana
46025.38194,3,1,2026,9,10,Mañana
46025.38889,3,1,2026,9,20,Mañana
46025.39583,3,1,2026,9,30,Mañana
46025.40278,3,1,2026,9,40,Mañana
46025.40972,3,1,2026,9,50,Mañana
46025.41667,3,1,2026,10,0,Mañana
46025.42361,3,1,2026,10,10,Mañana
46025.43056,3,1,2026,10,20,Mañana
46025.4375,3,1,2026,10,30,Mañana
46025.44444,3,1,2026,10,40,Mañana
46025.45139,3,1,2026,10,50,Mañana
46025.45833,3,1,2026,11,0,Mañana
46025.46528,3,1,2026,11,10,Mañana
46025.47222,3,1,2026,11,20,Mañana
46025.47917,3,1,2026,11,30,Mañana
46025.48611,3,1,2026,11,40,Mañana
46025.49306,3,1,2026,11,50,Mañana
46025.5,3,1,2026,12,0,Mañana
46025.50694,3,1,2026,12,10,Mañana
46025.51389,3,1,2026,12,20,Mañana
46025.52083,3,1,2026,12,30,Mañana
46025.52778,3,1,2026,12,40,Mañana
46025.53472,3,1,2026,12,50,Mañana
46025.54167,3,1,2026,13,0,Mañana
46025.54861,3,1,2026,13,10,Mañana
46025.55556,3,1,2026,13,20,Mañana
46025.5625,3,1,2026,13,30,Mañana
46025.56944,3,1,2026,13,40,Mañana
46025.57639,3,1,2026,13,50,Mañana
46025.58333,3,1,2026,14,0,Tarde
46025.59028,3,1,2026,14,10,Tarde
46025.59722,3,1,2026,14,20,Tarde
46025.60417,3,1,2026,14,30,Tarde
46025.61111,3,1,2026,14,40,Tarde
46025.61806,3,1,2026,14,50,Tarde
46025.625,3,1,2026,15,0,Tarde
46025.63194,3,1,2026,15,10,Tarde
46025.63889,3,1,2026,15,20,Tarde
46025.64583,3,1,2026,15,30,Tarde
46025.65278,3,1,2026,15,40,Tarde
46025.65972,3,1,2026,15,50,Tarde
46025.66667,3,1,2026,16,0,Tarde
46025.67361,3,1,2026,16,10,Tarde
46025.68056,3,1,2026,16,20,Tarde
46025.6875,3,1,2026,16,30,Tarde
46025.69444,3,1,2026,16,40,Tarde
46025.70139,3,1,2026,16,50,Tarde
46025.70833,3,1,2026,17,0,Tarde
46025.71528,3,1,2026,17,10,Tarde
46025.72222,3,1,2026,17,20,Tarde
46025.72917,3,1,2026,17,30,Tarde
46025.73611,3,1,2026,17,40,Tarde
46025.74306,3,1,2026,17,50,Tarde
46025.75,3,1,2026,18,0,Tarde
46025.75694,3,1,2026,18,10,Tarde
46025.76389,3,1,2026,18,20,Tarde
46025.77083,3,1,2026,18,30,Tarde
46025.77778,3,1,2026,18,40,Tarde
46025.78472,3,1,2026,18,50,Tarde
46025.79167,3,1,2026,19,0,Tarde
46025.79861,3,1,2026,19,10,Tarde
46025.80556,3,1,2026,19,20,Tarde
46025.8125,3,1,2026,19,30,Tarde
46025.81944,3,1,2026,19,40,Tarde
46025.82639,3,1,2026,19,50,Tarde
46025.83333,3,1,2026,20,0,Tarde
46025.84028,3,1,2026,20,10,Tarde
46025.84722,3,1,2026,20,20,Tarde
46025.85417,3,1,2026,20,30,Tarde
46025.86111,3,1,2026,20,40,Tarde
46025.86806,3,1,2026,20,50,Tarde
46025.875,3,1,2026,21,0,Tarde
46025.88194,3,1,2026,21,10,Tarde
46025.88889,3,1,2026,21,20,Tarde
46025.89583,3,1,2026,21,30,Tarde
46025.90278,3,1,2026,21,40,Tarde
46025.90972,3,1,2026,21,50,Tarde
46025.91667,3,1,2026,22,0,Noche
46025.92361,3,1,2026,22,10,Noche
46025.93056,3,1,2026,22,20,Noche
46025.9375,3,1,2026,22,30,Noche
46025.94444,3,1,2026,22,40,Noche
46025.95139,3,1,2026,22,50,Noche
46025.95833,3,1,2026,23,0,Noche
46025.96528,3,1,2026,23,10,Noche
46025.97222,3,1,2026,23,20,Noche
46025.97917,3,1,2026,23,30,Noche
46025.98611,3,1,2026,23,40,Noche
46025.99306,3,1,2026,23,50,Noche
46026,4,1,2026,0,0,Noche
46026.00694,4,1,2026,0,10,Noche
46026.01389,4,1,2026,0,20,Noche
46026.02083,4,1,2026,0,30,Noche
46026.02778,4,1,2026,0,40,Noche
46026.03472,4,1,2026,0,50,Noche
46026.04167,4,1,2026,1,0,Noche
46026.04861,4,1,2026,1,10,Noche
46026.05556,4,1,2026,1,20,Noche
46026.0625,4,1,2026,1,30,Noche
46026.06944,4,1,2026,1,40,Noche
46026.07639,4,1,2026,1,50,Noche
46026.08333,4,1,2026,2,0,Noche
46026.09028,4,1,2026,2,10,Noche
46026.09722,4,1,2026,2,20,Noche
46026.10417,4,1,2026,2,30,Noche
46026.11111,4,1,2026,2,40,Noche
46026.11806,4,1,2026,2,50,Noche
46026.125,4,1,2026,3,0,Noche
46026.13194,4,1,2026,3,10,Noche
46026.13889,4,1,2026,3,20,Noche
46026.14583,4,1,2026,3,30,Noche
46026.15278,4,1,2026,3,40,Noche
46026.15972,4,1,2026,3,50,Noche
46026.16667,4,1,2026,4,0,Noche
46026.17361,4,1,2026,4,10,Noche
46026.18056,4,1,2026,4,20,Noche
46026.1875,4,1,2026,4,30,Noche
46026.19444,4,1,2026,4,40,Noche
46026.20139,4,1,2026,4,50,Noche
46026.20833,4,1,2026,5,0,Noche
46026.21528,4,1,2026,5,10,Noche
46026.22222,4,1,2026,5,20,Noche
46026.22917,4,1,2026,5,30,Noche
46026.23611,4,1,2026,5,40,Noche
46026.24306,4,1,2026,5,50,Noche
46026.25,4,1,2026,6,0,Mañana
46026.25694,4,1,2026,6,10,Mañana
46026.26389,4,1,2026,6,20,Mañana
46026.27083,4,1,2026,6,30,Mañana
46026.27778,4,1,2026,6,40,Mañana
46026.28472,4,1,2026,6,50,Mañana
46026.29167,4,1,2026,7,0,Mañana
46026.29861,4,1,2026,7,10,Mañana
46026.30556,4,1,2026,7,20,Mañana
46026.3125,4,1,2026,7,30,Mañana
46026.31944,4,1,2026,7,40,Mañana
46026.32639,4,1,2026,7,50,Mañana
46026.33333,4,1,2026,8,0,Mañana
46026.34028,4,1,2026,8,10,Mañana
46026.34722,4,1,2026,8,20,Mañana
46026.35417,4,1,2026,8,30,Mañana
46026.36111,4,1,2026,8,40,Mañana
46026.36806,4,1,2026,8,50,Mañana
46026.375,4,1,2026,9,0,Mañana
46026.38194,4,1,2026,9,10,Mañana
46026.38889,4,1,2026,9,20,Mañana
46026.39583,4,1,2026,9,30,Mañana
46026.40278,4,1,2026,9,40,Mañana
46026.40972,4,1,2026,9,50,Mañana
46026.41667,4,1,2026,10,0,Mañana
46026.42361,4,1,2026,10,10,Mañana
46026.43056,4,1,2026,10,20,Mañana
46026.4375,4,1,2026,10,30,Mañana
46026.44444,4,1,2026,10,40,Mañana
46026.45139,4,1,2026,10,50,Mañana
46026.45833,4,1,2026,11,0,Mañana
46026.46528,4,1,2026,11,10,Mañana
46026.47222,4,1,2026,11,20,Mañana
46026.47917,4,1,2026,11,30,Mañana
46026.48611,4,1,2026,11,40,Mañana
46026.49306,4,1,2026,11,50,Mañana
46026.5,4,1,2026,12,0,Mañana
46026.50694,4,1,2026,12,10,Mañana
46026.51389,4,1,2026,12,20,Mañana
46026.52083,4,1,2026,12,30,Mañana
46026.52778,4,1,2026,12,40,Mañana
46026.53472,4,1,2026,12,50,Mañana
46026.54167,4,1,2026,13,0,Mañana
46026.54861,4,1,2026,13,10,Mañana
46026.55556,4,1,2026,13,20,Mañana
46026.5625,4,1,2026,13,30,Mañana
46026.56944,4,1,2026,13,40,Mañana
46026.57639,4,1,2026,13,50,Mañana
46026.58333,4,1,2026,14,0,Tarde
46026.59028,4,1,2026,14,10,Tarde
46026.59722,4,1,2026,14,20,Tarde
46026.60417,4,1,2026,14,30,Tarde
46026.61111,4,1,2026,14,40,Tarde
46026.61806,4,1,2026,14,50,Tarde
46026.625,4,1,2026,15,0,Tarde
46026.63194,4,1,2026,15,10,Tarde
46026.63889,4,1,2026,15,20,Tarde
46026.64583,4,1,2026,15,30,Tarde
46026.65278,4,1,2026,15,40,Tarde
46026.65972,4,1,2026,15,50,Tarde
46026.66667,4,1,2026,16,0,Tarde
46026.67361,4,1,2026,16,10,Tarde
46026.68056,4,1,2026,16,20,Tarde
46026.6875,4,1,2026,16,30,Tarde
46026.69444,4,1,2026,16,40,Tarde
46026.70139,4,1,2026,16,50,Tarde
46026.70833,4,1,2026,17,0,Tarde
46026.71528,4,1,2026,17,10,Tarde
46026.72222,4,1,2026,17,20,Tarde
46026.72917,4,1,2026,17,30,Tarde
46026.73611,4,1,2026,17,40,Tarde
46026.74306,4,1,2026,17,50,Tarde
46026.75,4,1,2026,18,0,Tarde
46026.75694,4,1,2026,18,10,Tarde
46026.76389,4,1,2026,18,20,Tarde
46026.77083,4,1,2026,18,30,Tarde
46026.77778,4,1,2026,18,40,Tarde
46026.78472,4,1,2026,18,50,Tarde
46026.79167,4,1,2026,19,0,Tarde
46026.79861,4,1,2026,19,10,Tarde
46026.80556,4,1,2026,19,20,Tarde
46026.8125,4,1,2026,19,30,Tarde
46026.81944,4,1,2026,19,40,Tarde
46026.82639,4,1,2026,19,50,Tarde
46026.83333,4,1,2026,20,0,Tarde
46026.84028,4,1,2026,20,10,Tarde
46026.84722,4,1,2026,20,20,Tarde
46026.85417,4,1,2026,20,30,Tarde
46026.86111,4,1,2026,20,40,Tarde
46026.86806,4,1,2026,20,50,Tarde
46026.875,4,1,2026,21,0,Tarde
46026.88194,4,1,2026,21,10,Tarde
46026.88889,4,1,2026,21,20,Tarde
46026.89583,4,1,2026,21,30,Tarde
46026.90278,4,1,2026,21,40,Tarde
46026.90972,4,1,2026,21,50,Tarde
46026.91667,4,1,2026,22,0,Noche
46026.92361,4,1,2026,22,10,Noche
46026.93056,4,1,2026,22,20,Noche
46026.9375,4,1,2026,22,30,Noche
46026.94444,4,1,2026,22,40,Noche
46026.95139,4,1,2026,22,50,Noche
46026.95833,4,1,2026,23,0,Noche
46026.96528,4,1,2026,23,10,Noche
46026.97222,4,1,2026,23,20,Noche
46026.97917,4,1,2026,23,30,Noche
46026.98611,4,1,2026,23,40,Noche
46026.99306,4,1,2026,23,50,Noche
46027,5,1,2026,0,0,Noche
46027.00694,5,1,2026,0,10,Noche
46027.01389,5,1,2026,0,20,Noche
46027.02083,5,1,2026,0,30,Noche
46027.02778,5,1,2026,0,40,Noche
46027.03472,5,1,2026,0,50,Noche
46027.04167,5,1,2026,1,0,Noche
46027.04861,5,1,2026,1,10,Noche
46027.05556,5,1,2026,1,20,Noche
46027.0625,5,1,2026,1,30,Noche
46027.06944,5,1,2026,1,40,Noche
46027.07639,5,1,2026,1,50,Noche
46027.08333,5,1,2026,2,0,Noche
46027.09028,5,1,2026,2,10,Noche
46027.09722,5,1,2026,2,20,Noche
46027.10417,5,1,2026,2,30,Noche
46027.11111,5,1,2026,2,40,Noche
46027.11806,5,1,2026,2,50,Noche
46027.125,5,1,2026,3,0,Noche
46027.13194,5,1,2026,3,10,Noche
46027.13889,5,1,2026,3,20,Noche
46027.14583,5,1,2026,3,30,Noche
46027.15278,5,1,2026,3,40,Noche
46027.15972,5,1,2026,3,50,Noche
46027.16667,5,1,2026,4,0,Noche
46027.17361,5,1,2026,4,10,Noche
46027.18056,5,1,2026,4,20,Noche
46027.1875,5,1,2026,4,30,Noche
46027.19444,5,1,2026,4,40,Noche
46027.20139,5,1,2026,4,50,Noche
46027.20833,5,1,2026,5,0,Noche
46027.21528,5,1,2026,5,10,Noche
46027.22222,5,1,2026,5,20,Noche
46027.22917,5,1,2026,5,30,Noche
46027.23611,5,1,2026,5,40,Noche
46027.24306,5,1,2026,5,50,Noche
46027.25,5,1,2026,6,0,Mañana
46027.25694,5,1,2026,6,10,Mañana
46027.26389,5,1,2026,6,20,Mañana
46027.27083,5,1,2026,6,30,Mañana
46027.27778,5,1,2026,6,40,Mañana
46027.28472,5,1,2026,6,50,Mañana
46027.29167,5,1,2026,7,0,Mañana
46027.29861,5,1,2026,7,10,Mañana
46027.30556,5,1,2026,7,20,Mañana
46027.3125,5,1,2026,7,30,Mañana
46027.31944,5,1,2026,7,40,Mañana
46027.32639,5,1,2026,7,50,Mañana
46027.33333,5,1,2026,8,0,Mañana
46027.34028,5,1,2026,8,10,Mañana
46027.34722,5,1,2026,8,20,Mañana
46027.35417,5,1,2026,8,30,Mañana
46027.36111,5,1,2026,8,40,Mañana
46027.36806,5,1,2026,8,50,Mañana
46027.375,5,1,2026,9,0,Mañana
46027.38194,5,1,2026,9,10,Mañana
46027.38889,5,1,2026,9,20,Mañana
46027.39583,5,1,2026,9,30,Mañana
46027.40278,5,1,2026,9,40,Mañana
46027.40972,5,1,2026,9,50,Mañana
46027.41667,5,1,2026,10,0,Mañana
46027.42361,5,1,2026,10,10,Mañana
46027.43056,5,1,2026,10,20,Mañana
46027.4375,5,1,2026,10,30,Mañana
46027.44444,5,1,2026,10,40,Mañana
46027.45139,5,1,2026,10,50,Mañana
46027.45833,5,1,2026,11,0,Mañana
46027.46528,5,1,2026,11,10,Mañana
46027.47222,5,1,2026,11,20,Mañana
46027.47917,5,1,2026,11,30,Mañana
46027.48611,5,1,2026,11,40,Mañana
46027.49306,5,1,2026,11,50,Mañana
46027.5,5,1,2026,12,0,Mañana
46027.50694,5,1,2026,12,10,Mañana
46027.51389,5,1,2026,12,20,Mañana
46027.52083,5,1,2026,12,30,Mañana
46027.52778,5,1,2026,12,40,Mañana
46027.53472,5,1,2026,12,50,Mañana
46027.54167,5,1,2026,13,0,Mañana
46027.54861,5,1,2026,13,10,Mañana
46027.55556,5,1,2026,13,20,Mañana
46027.5625,5,1,2026,13,30,Mañana
46027.56944,5,1,2026,13,40,Mañana
46027.57639,5,1,2026,13,50,Mañana
46027.58333,5,1,2026,14,0,Tarde
46027.59028,5,1,2026,14,10,Tarde
46027.59722,5,1,2026,14,20,Tarde
46027.60417,5,1,2026,14,30,Tarde
46027.61111,5,1,2026,14,40,Tarde
46027.61806,5,1,2026,14,50,Tarde
46027.625,5,1,2026,15,0,Tarde
46027.63194,5,1,2026,15,10,Tarde
46027.63889,5,1,2026,15,20,Tarde
46027.64583,5,1,2026,15,30,Tarde
46027.65278,5,1,2026,15,40,Tarde
46027.65972,5,1,2026,15,50,Tarde
46027.66667,5,1,2026,16,0,Tarde
46027.67361,5,1,2026,16,10,Tarde
46027.68056,5,1,2026,16,20,Tarde
46027.6875,5,1,2026,16,30,Tarde
46027.69444,5,1,2026,16,40,Tarde
46027.70139,5,1,2026,16,50,Tarde
46027.70833,5,1,2026,17,0,Tarde
46027.71528,5,1,2026,17,10,Tarde
46027.72222,5,1,2026,17,20,Tarde
46027.72917,5,1,2026,17,30,Tarde
46027.73611,5,1,2026,17,40,Tarde
46027.74306,5,1,2026,17,50,Tarde
46027.75,5,1,2026,18,0,Tarde
46027.75694,5,1,2026,18,10,Tarde
46027.76389,5,1,2026,18,20,Tarde
46027.77083,5,1,2026,18,30,Tarde
46027.77778,5,1,2026,18,40,Tarde
46027.78472,5,1,2026,18,50,Tarde
46027.79167,5,1,2026,19,0,Tarde
46027.79861,5,1,2026,19,10,Tarde
46027.80556,5,1,2026,19,20,Tarde
46027.8125,5,1,2026,19,30,Tarde
46027.81944,5,1,2026,19,40,Tarde
46027.82639,5,1,2026,19,50,Tarde
46027.83333,5,1,2026,20,0,Tarde
46027.84028,5,1,2026,20,10,Tarde
46027.84722,5,1,2026,20,20,Tarde
46027.85417,5,1,2026,20,30,Tarde
46027.86111,5,1,2026,20,40,Tarde
46027.86806,5,1,2026,20,50,Tarde
46027.875,5,1,2026,21,0,Tarde
46027.88194,5,1,2026,21,10,Tarde
46027.88889,5,1,2026,21,20,Tarde
46027.89583,5,1,2026,21,30,Tarde
46027.90278,5,1,2026,21,40,Tarde
46027.90972,5,1,2026,21,50,Tarde
46027.91667,5,1,2026,22,0,Noche
46027.92361,5,1,2026,22,10,Noche
46027.93056,5,1,2026,22,20,Noche
46027.9375,5,1,2026,22,30,Noche
46027.94444,5,1,2026,22,40,Noche
46027.95139,5,1,2026,22,50,Noche
46027.95833,5,1,2026,23,0,Noche
46027.96528,5,1,2026,23,10,Noche
46027.97222,5,1,2026,23,20,Noche
46027.97917,5,1,2026,23,30,Noche
46027.98611,5,1,2026,23,40,Noche
46027.99306,5,1,2026,23,50,Noche
46028,6,1,2026,0,0,Noche
46028.00694,6,1,2026,0,10,Noche
46028.01389,6,1,2026,0,20,Noche
46028.02083,6,1,2026,0,30,Noche
46028.02778,6,1,2026,0,40,Noche
46028.03472,6,1,2026,0,50,Noche
46028.04167,6,1,2026,1,0,Noche
46028.04861,6,1,2026,1,10,Noche
46028.05556,6,1,2026,1,20,Noche
46028.0625,6,1,2026,1,30,Noche
46028.06944,6,1,2026,1,40,Noche
46028.07639,6,1,2026,1,50,Noche
46028.08333,6,1,2026,2,0,Noche
46028.09028,6,1,2026,2,10,Noche
46028.09722,6,1,2026,2,20,Noche
46028.10417,6,1,2026,2,30,Noche
46028.11111,6,1,2026,2,40,Noche
46028.11806,6,1,2026,2,50,Noche
46028.125,6,1,2026,3,0,Noche
46028.13194,6,1,2026,3,10,Noche
46028.13889,6,1,2026,3,20,Noche
46028.14583,6,1,2026,3,30,Noche
46028.15278,6,1,2026,3,40,Noche
46028.15972,6,1,2026,3,50,Noche
46028.16667,6,1,2026,4,0,Noche
46028.17361,6,1,2026,4,10,Noche
46028.18056,6,1,2026,4,20,Noche
46028.1875,6,1,2026,4,30,Noche
46028.19444,6,1,2026,4,40,Noche
46028.20139,6,1,2026,4,50,Noche
46028.20833,6,1,2026,5,0,Noche
46028.21528,6,1,2026,5,10,Noche
46028.22222,6,1,2026,5,20,Noche
46028.22917,6,1,2026,5,30,Noche
46028.23611,6,1,2026,5,40,Noche
46028.24306,6,1,2026,5,50,Noche
46028.25,6,1,2026,6,0,Mañana
46028.25694,6,1,2026,6,10,Mañana
46028.26389,6,1,2026,6,20,Mañana
46028.27083,6,1,2026,6,30,Mañana
46028.27778,6,1,2026,6,40,Mañana
46028.28472,6,1,2026,6,50,Mañana
46028.29167,6,1,2026,7,0,Mañana
46028.29861,6,1,2026,7,10,Mañana
46028.30556,6,1,2026,7,20,Mañana
46028.3125,6,1,2026,7,30,Mañana
46028.31944,6,1,2026,7,40,Mañana
46028.32639,6,1,2026,7,50,Mañana
46028.33333,6,1,2026,8,0,Mañana
46028.34028,6,1,2026,8,10,Mañana
46028.34722,6,1,2026,8,20,Mañana
46028.35417,6,1,2026,8,30,Mañana
46028.36111,6,1,2026,8,40,Mañana
46028.36806,6,1,2026,8,50,Mañana
46028.375,6,1,2026,9,0,Mañana
46028.38194,6,1,2026,9,10,Mañana
46028.38889,6,1,2026,9,20,Mañana
46028.39583,6,1,2026,9,30,Mañana
46028.40278,6,1,2026,9,40,Mañana
46028.40972,6,1,2026,9,50,Mañana
46028.41667,6,1,2026,10,0,Mañana
46028.42361,6,1,2026,10,10,Mañana
46028.43056,6,1,2026,10,20,Mañana
46028.4375,6,1,2026,10,30,Mañana
46028.44444,6,1,2026,10,40,Mañana
46028.45139,6,1,2026,10,50,Mañana
46028.45833,6,1,2026,11,0,Mañana
46028.46528,6,1,2026,11,10,Mañana
46028.47222,6,1,2026,11,20,Mañana
46028.47917,6,1,2026,11,30,Mañana
46028.48611,6,1,2026,11,40,Mañana
46028.49306,6,1,2026,11,50,Mañana
46028.5,6,1,2026,12,0,Mañana
46028.50694,6,1,2026,12,10,Mañana
46028.51389,6,1,2026,12,20,Mañana
46028.52083,6,1,2026,12,30,Mañana
46028.52778,6,1,2026,12,40,Mañana
46028.53472,6,1,2026,12,50,Mañana
46028.54167,6,1,2026,13,0,Mañana
46028.54861,6,1,2026,13,10,Mañana
46028.55556,6,1,2026,13,20,Mañana
46028.5625,6,1,2026,13,30,Mañana
46028.56944,6,1,2026,13,40,Mañana
46028.57639,6,1,2026,13,50,Mañana
46028.58333,6,1,2026,14,0,Tarde
46028.59028,6,1,2026,14,10,Tarde
46028.59722,6,1,2026,14,20,Tarde
46028.60417,6,1,2026,14,30,Tarde
46028.61111,6,1,2026,14,40,Tarde
46028.61806,6,1,2026,14,50,Tarde
46028.625,6,1,2026,15,0,Tarde
46028.63194,6,1,2026,15,10,Tarde
46028.63889,6,1,2026,15,20,Tarde
46028.64583,6,1,2026,15,30,Tarde
46028.65278,6,1,2026,15,40,Tarde
46028.65972,6,1,2026,15,50,Tarde
46028.66667,6,1,2026,16,0,Tarde
46028.67361,6,1,2026,16,10,Tarde
46028.68056,6,1,2026,16,20,Tarde
46028.6875,6,1,2026,16,30,Tarde
46028.69444,6,1,2026,16,40,Tarde
46028.70139,6,1,2026,16,50,Tarde
46028.70833,6,1,2026,17,0,Tarde
46028.71528,6,1,2026,17,10,Tarde
46028.72222,6,1,2026,17,20,Tarde
46028.72917,6,1,2026,17,30,Tarde
46028.73611,6,1,2026,17,40,Tarde
46028.74306,6,1,2026,17,50,Tarde
46028.75,6,1,2026,18,0,Tarde
46028.75694,6,1,2026,18,10,Tarde
46028.76389,6,1,2026,18,20,Tarde
46028.77083,6,1,2026,18,30,Tarde
46028.77778,6,1,2026,18,40,Tarde
46028.78472,6,1,2026,18,50,Tarde
46028.79167,6,1,2026,19,0,Tarde
46028.79861,6,1,2026,19,10,Tarde
46028.80556,6,1,2026,19,20,Tarde
46028.8125,6,1,2026,19,30,Tarde
46028.81944,6,1,2026,19,40,Tarde
46028.82639,6,1,2026,19,50,Tarde
46028.83333,6,1,2026,20,0,Tarde
46028.84028,6,1,2026,20,10,Tarde
46028.84722,6,1,2026,20,20,Tarde
46028.85417,6,1,2026,20,30,Tarde
46028.86111,6,1,2026,20,40,Tarde
46028.86806,6,1,2026,20,50,Tarde
46028.875,6,1,2026,21,0,Tarde
46028.88194,6,1,2026,21,10,Tarde
46028.88889,6,1,2026,21,20,Tarde
46028.89583,6,1,2026,21,30,Tarde
46028.90278,6,1,2026,21,40,Tarde
46028.90972,6,1,2026,21,50,Tarde
46028.91667,6,1,2026,22,0,Noche
46028.92361,6,1,2026,22,10,Noche
46028.93056,6,1,2026,22,20,Noche
46028.9375,6,1,2026,22,30,Noche
46028.94444,6,1,2026,22,40,Noche
46028.95139,6,1,2026,22,50,Noche
46028.95833,6,1,2026,23,0,Noche
46028.96528,6,1,2026,23,10,Noche
46028.97222,6,1,2026,23,20,Noche
46028.97917,6,1,2026,23,30,Noche
46028.98611,6,1,2026,23,40,Noche
46028.99306,6,1,2026,23,50,Noche
46029,7,1,2026,0,0,Noche
46029.00694,7,1,2026,0,10,Noche
46029.01389,7,1,2026,0,20,Noche
46029.02083,7,1,2026,0,30,Noche
46029.02778,7,1,2026,0,40,Noche
46029.03472,7,1,2026,0,50,Noche
46029.04167,7,1,2026,1,0,Noche
46029.04861,7,1,2026,1,10,Noche
46029.05556,7,1,2026,1,20,Noche
46029.0625,7,1,2026,1,30,Noche
46029.06944,7,1,2026,1,40,Noche
46029.07639,7,1,2026,1,50,Noche
46029.08333,7,1,2026,2,0,Noche
46029.09028,7,1,2026,2,10,Noche
46029.09722,7,1,2026,2,20,Noche
46029.10417,7,1,2026,2,30,Noche
46029.11111,7,1,2026,2,40,Noche
46029.11806,7,1,2026,2,50,Noche
46029.125,7,1,2026,3,0,Noche
46029.13194,7,1,2026,3,10,Noche
46029.13889,7,1,2026,3,20,Noche
46029.14583,7,1,2026,3,30,Noche
46029.15278,7,1,2026,3,40,Noche
46029.15972,7,1,2026,3,50,Noche
46029.16667,7,1,2026,4,0,Noche
46029.17361,7,1,2026,4,10,Noche
46029.18056,7,1,2026,4,20,Noche
46029.1875,7,1,2026,4,30,Noche
46029.19444,7,1,2026,4,40,Noche
46029.20139,7,1,2026,4,50,Noche
46029.20833,7,1,2026,5,0,Noche
46029.21528,7,1,2026,5,10,Noche
46029.22222,7,1,2026,5,20,Noche
46029.22917,7,1,2026,5,30,Noche
46029.23611,7,1,2026,5,40,Noche
46029.24306,7,1,2026,5,50,Noche
46029.25,7,1,2026,6,0,Mañana
46029.25694,7,1,2026,6,10,Mañana
46029.26389,7,1,2026,6,20,Mañana
46029.27083,7,1,2026,6,30,Mañana
46029.27778,7,1,2026,6,40,Mañana
46029.28472,7,1,2026,6,50,Mañana
46029.29167,7,1,2026,7,0,Mañana
46029.29861,7,1,2026,7,10,Mañana
46029.30556,7,1,2026,7,20,Mañana
46029.3125,7,1,2026,7,30,Mañana
46029.31944,7,1,2026,7,40,Mañana
46029.32639,7,1,2026,7,50,Mañana
46029.33333,7,1,2026,8,0,Mañana
46029.34028,7,1,2026,8,10,Mañana
46029.34722,7,1,2026,8,20,Mañana
46029.35417,7,1,2026,8,30,Mañana
46029.36111,7,1,2026,8,40,Mañana
46029.36806,7,1,2026,8,50,Mañana
46029.375,7,1,2026,9,0,Mañana
46029.38194,7,1,2026,9,10,Mañana
46029.38889,7,1,2026,9,20,Mañana
46029.39583,7,1,2026,9,30,Mañana
46029.40278,7,1,2026,9,40,Mañana
46029.40972,7,1,2026,9,50,Mañana
46029.41667,7,1,2026,10,0,Mañana
46029.42361,7,1,2026,10,10,Mañana
46029.43056,7,1,2026,10,20,Mañana
46029.4375,7,1,2026,10,30,Mañana
46029.44444,7,1,2026,10,40,Mañana
46029.45139,7,1,2026,10,50,Mañana
46029.45833,7,1,2026,11,0,Mañana
46029.46528,7,1,2026,11,10,Mañana
46029.47222,7,1,2026,11,20,Mañana
46029.47917,7,1,2026,11,30,Mañana
46029.48611,7,1,2026,11,40,Mañana
46029.49306,7,1,2026,11,50,Mañana
46029.5,7,1,2026,12,0,Mañana
46029.50694,7,1,2026,12,10,Mañana
46029.51389,7,1,2026,12,20,Mañana
46029.52083,7,1,2026,12,30,Mañana
46029.52778,7,1,2026,12,40,Mañana
46029.53472,7,1,2026,12,50,Mañana
46029.54167,7,1,2026,13,0,Mañana
46029.54861,7,1,2026,13,10,Mañana
46029.55556,7,1,2026,13,20,Mañana
46029.5625,7,1,2026,13,30,Mañana
46029.56944,7,1,2026,13,40,Mañana
46029.57639,7,1,2026,13,50,Mañana
46029.58333,7,1,2026,14,0,Tarde
46029.59028,7,1,2026,14,10,Tarde
46029.59722,7,1,2026,14,20,Tarde
46029.60417,7,1,2026,14,30,Tarde
46029.61111,7,1,2026,14,40,Tarde
46029.61806,7,1,2026,14,50,Tarde
46029.625,7,1,2026,15,0,Tarde
46029.63194,7,1,2026,15,10,Tarde
46029.63889,7,1,2026,15,20,Tarde
46029.64583,7,1,2026,15,30,Tarde
46029.65278,7,1,2026,15,40,Tarde
46029.65972,7,1,2026,15,50,Tarde
46029.66667,7,1,2026,16,0,Tarde
46029.67361,7,1,2026,16,10,Tarde
46029.68056,7,1,2026,16,20,Tarde
46029.6875,7,1,2026,16,30,Tarde
46029.69444,7,1,2026,16,40,Tarde
46029.70139,7,1,2026,16,50,Tarde
46029.70833,7,1,2026,17,0,Tarde
46029.71528,7,1,2026,17,10,Tarde
46029.72222,7,1,2026,17,20,Tarde
46029.72917,7,1,2026,17,30,Tarde
46029.73611,7,1,2026,17,40,Tarde
46029.74306,7,1,2026,17,50,Tarde
46029.75,7,1,2026,18,0,Tarde
46029.75694,7,1,2026,18,10,Tarde
46029.76389,7,1,2026,18,20,Tarde
46029.77083,7,1,2026,18,30,Tarde
46029.77778,7,1,2026,18,40,Tarde
46029.78472,7,1,2026,18,50,Tarde
46029.79167,7,1,2026,19,0,Tarde
46029.79861,7,1,2026,19,10,Tarde
46029.80556,7,1,2026,19,20,Tarde
46029.8125,7,1,2026,19,30,Tarde
46029.81944,7,1,2026,19,40,Tarde
46029.82639,7,1,2026,19,50,Tarde
46029.83333,7,1,2026,20,0,Tarde
46029.84028,7,1,2026,20,10,Tarde
46029.84722,7,1,2026,20,20,Tarde
46029.85417,7,1,2026,20,30,Tarde
46029.86111,7,1,2026,20,40,Tarde
46029.86806,7,1,2026,20,50,Tarde
46029.875,7,1,2026,21,0,Tarde
46029.88194,7,1,2026,21,10,Tarde
46029.88889,7,1,2026,21,20,Tarde
46029.89583,7,1,2026,21,30,Tarde
46029.90278,7,1,2026,21,40,Tarde
46029.90972,7,1,2026,21,50,Tarde
46029.91667,7,1,2026,22,0,Noche
46029.92361,7,1,2026,22,10,Noche
46029.93056,7,1,2026,22,20,Noche
46029.9375,7,1,2026,22,30,Noche
46029.94444,7,1,2026,22,40,Noche
46029.95139,7,1,2026,22,50,Noche
46029.95833,7,1,2026,23,0,Noche
46029.96528,7,1,2026,23,10,Noche
46029.97222,7,1,2026,23,20,Noche
46029.97917,7,1,2026,23,30,Noche
46029.98611,7,1,2026,23,40,Noche
46029.99306,7,1,2026,23,50,Noche
